{
  "yearly_trends": [
    {
      "year": 2014,
      "total_providers": 938141,
      "total_payments": 78225934025.68153,
      "total_services": 2270613299,
      "total_beneficiaries": 848314987,
      "total_submitted_charges": 271768291842.8357,
      "total_line_items": 9316209,
      "unique_procedure_codes": 5972,
      "unique_specialties": 91,
      "unique_states": 61,
      "avg_payment_per_service": 75.15276921798112,
      "avg_payment_per_provider": 83383.98388481213,
      "avg_services_per_provider": 2420.3326568181114,
      "avg_beneficiaries_per_provider": 904.2510528801108,
      "markup_ratio": 3.474145693851534,
      "total_payments_change": 0,
      "total_services_change": 0,
      "total_providers_change": 0,
      "total_beneficiaries_change": 0,
      "avg_payment_per_service_change": 0,
      "avg_payment_per_provider_change": 0,
      "markup_ratio_change": 0
    },
    {
      "year": 2015,
      "total_providers": 968333,
      "total_payments": 80617301102.9464,
      "total_services": 2359052991,
      "total_beneficiaries": 862410266,
      "total_submitted_charges": 286390228141.7811,
      "total_line_items": 9496848,
      "unique_procedure_codes": 5983,
      "unique_specialties": 91,
      "unique_states": 61,
      "avg_payment_per_service": 76.316355043896,
      "avg_payment_per_provider": 83253.69589071776,
      "avg_services_per_provider": 2436.200140860634,
      "avg_beneficiaries_per_provider": 890.61331793918,
      "markup_ratio": 3.5524660863561723,
      "total_payments_change": 3.06,
      "total_services_change": 3.89,
      "total_providers_change": 3.22,
      "total_beneficiaries_change": 1.66,
      "avg_payment_per_service_change": 1.55,
      "avg_payment_per_provider_change": -0.16,
      "markup_ratio_change": 2.25
    },
    {
      "year": 2016,
      "total_providers": 1000924,
      "total_payments": 82096783986.51135,
      "total_services": 2380666473,
      "total_beneficiaries": 864255602,
      "total_submitted_charges": 304140260189.13116,
      "total_line_items": 9714896,
      "unique_procedure_codes": 6022,
      "unique_specialties": 91,
      "unique_states": 61,
      "avg_payment_per_service": 76.68333708883685,
      "avg_payment_per_provider": 82020.9965856662,
      "avg_services_per_provider": 2378.4687678584987,
      "avg_beneficiaries_per_provider": 863.4577670232705,
      "markup_ratio": 3.7046549867178955,
      "total_payments_change": 1.84,
      "total_services_change": 0.92,
      "total_providers_change": 3.37,
      "total_beneficiaries_change": 0.21,
      "avg_payment_per_service_change": 0.48,
      "avg_payment_per_provider_change": -1.48,
      "markup_ratio_change": 4.28
    },
    {
      "year": 2017,
      "total_providers": 1032911,
      "total_payments": 83545663047.04063,
      "total_services": 2411198717,
      "total_beneficiaries": 864334713,
      "total_submitted_charges": 315713877898.73663,
      "total_line_items": 9847443,
      "unique_procedure_codes": 6048,
      "unique_specialties": 94,
      "unique_states": 61,
      "avg_payment_per_service": 77.54451951061148,
      "avg_payment_per_provider": 80883.69960920219,
      "avg_services_per_provider": 2334.3721937320834,
      "avg_beneficiaries_per_provider": 836.794954260338,
      "markup_ratio": 3.7789379649901513,
      "total_payments_change": 1.76,
      "total_services_change": 1.28,
      "total_providers_change": 3.2,
      "total_beneficiaries_change": 0.01,
      "avg_payment_per_service_change": 1.12,
      "avg_payment_per_provider_change": -1.39,
      "markup_ratio_change": 2.01
    },
    {
      "year": 2018,
      "total_providers": 1061278,
      "total_payments": 86005963373.89218,
      "total_services": 2484244187,
      "total_beneficiaries": 870158430,
      "total_submitted_charges": 328140574188.1095,
      "total_line_items": 9961865,
      "unique_procedure_codes": 6070,
      "unique_specialties": 99,
      "unique_states": 61,
      "avg_payment_per_service": 78.85533157653093,
      "avg_payment_per_provider": 81039.9945856714,
      "avg_services_per_provider": 2340.804376421635,
      "avg_beneficiaries_per_provider": 819.9156394460264,
      "markup_ratio": 3.815323511482452,
      "total_payments_change": 2.94,
      "total_services_change": 3.03,
      "total_providers_change": 2.75,
      "total_beneficiaries_change": 0.67,
      "avg_payment_per_service_change": 1.69,
      "avg_payment_per_provider_change": 0.19,
      "markup_ratio_change": 0.96
    },
    {
      "year": 2019,
      "total_providers": 1093367,
      "total_payments": 89512295633.4896,
      "total_services": 2592695317,
      "total_beneficiaries": 879062808,
      "total_submitted_charges": 345362320404.49475,
      "total_line_items": 10140228,
      "unique_procedure_codes": 6138,
      "unique_specialties": 99,
      "unique_states": 61,
      "avg_payment_per_service": 80.50654100454167,
      "avg_payment_per_provider": 81868.48115361959,
      "avg_services_per_provider": 2371.294649463538,
      "avg_beneficiaries_per_provider": 803.9961037785117,
      "markup_ratio": 3.8582668220083383,
      "total_payments_change": 4.08,
      "total_services_change": 4.37,
      "total_providers_change": 3.02,
      "total_beneficiaries_change": 1.02,
      "avg_payment_per_service_change": 2.09,
      "avg_payment_per_provider_change": 1.02,
      "markup_ratio_change": 1.13
    },
    {
      "year": 2020,
      "total_providers": 1085313,
      "total_payments": 80539388257.51926,
      "total_services": 2327887276,
      "total_beneficiaries": 770731962,
      "total_submitted_charges": 308130344742.98486,
      "total_line_items": 9449361,
      "unique_procedure_codes": 6116,
      "unique_specialties": 102,
      "unique_states": 62,
      "avg_payment_per_service": 80.09592750379085,
      "avg_payment_per_provider": 74208.44333157278,
      "avg_services_per_provider": 2144.899467711158,
      "avg_beneficiaries_per_provider": 710.1471759759627,
      "markup_ratio": 3.8258341838624212,
      "total_payments_change": -10.02,
      "total_services_change": -10.21,
      "total_providers_change": -0.74,
      "total_beneficiaries_change": -12.32,
      "avg_payment_per_service_change": -0.51,
      "avg_payment_per_provider_change": -9.36,
      "markup_ratio_change": -0.84
    },
    {
      "year": 2021,
      "total_providers": 1123589,
      "total_payments": 91535062398.36987,
      "total_services": 2499901028,
      "total_beneficiaries": 867777168,
      "total_submitted_charges": 342176261495.2616,
      "total_line_items": 9886177,
      "unique_procedure_codes": 6253,
      "unique_specialties": 103,
      "unique_states": 61,
      "avg_payment_per_service": 82.69730730815081,
      "avg_payment_per_provider": 81466.67722661034,
      "avg_services_per_provider": 2224.924797234576,
      "avg_beneficiaries_per_provider": 772.326151288416,
      "markup_ratio": 3.7381988117960288,
      "total_payments_change": 13.65,
      "total_services_change": 7.39,
      "total_providers_change": 3.53,
      "total_beneficiaries_change": 12.59,
      "avg_payment_per_service_change": 3.25,
      "avg_payment_per_provider_change": 9.78,
      "markup_ratio_change": -2.29
    },
    {
      "year": 2022,
      "total_providers": 1148873,
      "total_payments": 89042856516.32196,
      "total_services": 2519061084,
      "total_beneficiaries": 822083433,
      "total_submitted_charges": 350498806560.1775,
      "total_line_items": 9755427,
      "unique_procedure_codes": 6326,
      "unique_specialties": 103,
      "unique_states": 62,
      "avg_payment_per_service": 81.94703471860693,
      "avg_payment_per_provider": 77504.52531857042,
      "avg_services_per_provider": 2192.636683079853,
      "avg_beneficiaries_per_provider": 715.5564044067534,
      "markup_ratio": 3.9362933790868384,
      "total_payments_change": -2.72,
      "total_services_change": 0.77,